{
    "SHA_evap_coeffs": [
        -4.540715392490959,
        -0.06247572465039866,
        0.0012589727214194785,
        0.04422329130235263,
        3.4641714729347073e-06
    ],
    "SHA_evap_int": 140.6046546410785,
    "ORO_evap_coeffs": [
        2.1117938780687617,
        -0.03999949227417993,
        0.0012809160935174793,
        -0.01184545818510917,
        -3.2467807732985965e-06
    ],
    "ORO_evap_int": -79.65546484225773,
    "FOL_evap_coeffs": [
        -0.9412243884596866,
        -0.04882975013496429,
        0.0014058783743662023,
        0.013952789895196873,
        2.709987209777165e-05
    ],
    "FOL_evap_int": 13.766170483343764
}