{
    "SHA_evap_coeffs": [
        -4.48877797606069,
        -0.059672666379339635,
        0.001255379596694633,
        0.0441118241973278,
        2.9868635961008416e-06
    ],
    "SHA_evap_int": 135.09896076354875,
    "ORO_evap_coeffs": [
        2.1132948861277705,
        -0.03995036357083462,
        0.0012805724232238915,
        -0.011845821652525559,
        -3.2542069175328647e-06
    ],
    "ORO_evap_int": -79.76266677790292,
    "FOL_evap_coeffs": [
        -0.9185222025111919,
        -0.04989979949263701,
        0.0014053945137963994,
        0.013727211530867927,
        2.8167290867263384e-05
    ],
    "FOL_evap_int": 13.452347620216628
}