{
    "SHA_evap_coeffs": [
        -4.53257059249132,
        -0.05905459585258317,
        0.001257414930722605,
        0.044481669413307355,
        2.8549148763004415e-06
    ],
    "SHA_evap_int": 135.46693360132815,
    "ORO_evap_coeffs": [
        2.113769690028529,
        -0.03993461380486934,
        0.0012804759674309172,
        -0.011846016542742682,
        -3.256778831708371e-06
    ],
    "ORO_evap_int": -79.79718265249274,
    "FOL_evap_coeffs": [
        -0.9181088190651596,
        -0.04994423345259635,
        0.0014049462042238759,
        0.013723559805382177,
        2.8235240436984382e-05
    ],
    "FOL_evap_int": 13.45524074607578
}