{
    "SHA_evap_coeffs": [
        -4.532919715602177,
        -0.059331817776255465,
        0.0012562005190971297,
        0.04448405916886104,
        2.9172926024959023e-06
    ],
    "SHA_evap_int": 135.8820368797725,
    "ORO_evap_coeffs": [
        2.1144368912944915,
        -0.039891066017937765,
        0.001280443541627761,
        -0.011847046579810146,
        -3.26700884131087e-06
    ],
    "ORO_evap_int": -79.86559108809462,
    "FOL_evap_coeffs": [
        -0.9183278805143043,
        -0.04990010584183475,
        0.0014054713206609433,
        0.013725348096544574,
        2.8163337504022445e-05
    ],
    "FOL_evap_int": 13.446777999026203
}