{
    "SHA_evap_coeffs": [
        -4.570704432029608,
        -0.06331071934904296,
        0.0012582411858826324,
        0.04440988354800592,
        3.6255714239291637e-06
    ],
    "SHA_evap_int": 142.65394229454427,
    "ORO_evap_coeffs": [
        -2.6211784720036824,
        -0.03911362749168518,
        0.0012123065207547473,
        0.02685392395517559,
        -2.3170628773022672e-06
    ],
    "ORO_evap_int": 60.74732230177423,
    "FOL_evap_coeffs": [
        -0.9340437644839159,
        -0.048699119820392,
        0.0014078561138421136,
        0.013892110260382408,
        2.6849750715277065e-05
    ],
    "FOL_evap_int": 13.521421020657744
}