{
    "SHA_evap_coeffs": [
        -4.810164723486062,
        -0.056349197982715704,
        0.0012717113503527397,
        0.04667875547824698,
        2.22244044015664e-06
    ],
    "SHA_evap_int": 139.61164072690764,
    "ORO_evap_coeffs": [
        2.1233074047826253,
        -0.03960127420669946,
        0.001279434710879352,
        -0.011853335903679851,
        -3.3250008027367913e-06
    ],
    "ORO_evap_int": -80.54858322643257,
    "FOL_evap_coeffs": [
        -0.8499649974523914,
        -0.04994811889806406,
        0.00137046569863641,
        0.013245728104792014,
        3.0035271803056285e-05
    ],
    "FOL_evap_int": 11.643796737060597
}