{
    "SHA_evap_coeffs": [
        -4.678513649628935,
        -0.05639550002965101,
        0.0012738937607765814,
        0.04558570838326963,
        2.2115710633496568e-06
    ],
    "SHA_evap_int": 135.75660854328333,
    "ORO_evap_coeffs": [
        2.1226175398693217,
        -0.03947727147827775,
        0.0012801526351402495,
        -0.011858120772819258,
        -3.363383051106661e-06
    ],
    "ORO_evap_int": -80.6349261744365,
    "FOL_evap_coeffs": [
        -0.9237482045927933,
        -0.05001146172658425,
        0.0014052292019560212,
        0.01376712526811616,
        2.8290168669572018e-05
    ],
    "FOL_evap_int": 13.635517617145368
}