{
    "SHA_evap_coeffs": [
        -4.656755108350137,
        -0.059297233049854105,
        0.0012629391931311329,
        0.04536659889231713,
        2.846568166389729e-06
    ],
    "SHA_evap_int": 139.37737421812963,
    "ORO_evap_coeffs": [
        2.1119238146305066,
        -0.04000469027992239,
        0.001280826608283464,
        -0.01184506271532859,
        -3.2442975434754384e-06
    ],
    "ORO_evap_int": -79.65547323660543,
    "FOL_evap_coeffs": [
        -0.9186019650819267,
        -0.04991147167668514,
        0.0014051970602041268,
        0.013728040327511569,
        2.818969804966459e-05
    ],
    "FOL_evap_int": 13.458654217167975
}