{
    "SHA_evap_coeffs": [
        -4.761097996941435,
        -0.05622873881119976,
        0.0012764327841157288,
        0.04622092706027848,
        2.1570572232162204e-06
    ],
    "SHA_evap_int": 137.90520791836548,
    "ORO_evap_coeffs": [
        2.118413744267295,
        -0.0396899945789683,
        0.0012802492566699735,
        -0.011852281999076158,
        -3.3131646041010987e-06
    ],
    "ORO_evap_int": -80.23644029668914,
    "FOL_evap_coeffs": [
        -0.9121868686320971,
        -0.05010968890142723,
        0.0014037544140269806,
        0.013672710518277722,
        2.845849237937745e-05
    ],
    "FOL_evap_int": 13.339040470349417
}