{
    "SHA_evap_coeffs": [
        -4.823759216998008,
        -0.05609917902204897,
        0.0012787922684338912,
        0.046696064059940125,
        2.1108201076336496e-06
    ],
    "SHA_evap_int": 139.52552773269707,
    "ORO_evap_coeffs": [
        2.1178985522348066,
        -0.03972588842668618,
        0.0012801879672253349,
        -0.011851065493018289,
        -3.303665561061884e-06
    ],
    "ORO_evap_int": -80.17721091797942,
    "FOL_evap_coeffs": [
        -0.906047550266873,
        -0.050148742274947145,
        0.0014029071075870802,
        0.013623100880110118,
        2.8539657753322168e-05
    ],
    "FOL_evap_int": 13.177820835141745
}