{
    "SHA_evap_coeffs": [
        -4.823759216998013,
        -0.05609917902204899,
        0.0012787922684338896,
        0.04669606405994017,
        2.1108201076406686e-06
    ],
    "SHA_evap_int": 139.52552773263056,
    "ORO_evap_coeffs": [
        2.1178985522351383,
        -0.039725888426687464,
        0.0012801879672253225,
        -0.011851065493018505,
        -3.3036655610647897e-06
    ],
    "ORO_evap_int": -80.17721091798047,
    "FOL_evap_coeffs": [
        -0.9060475502668724,
        -0.05014874227494727,
        0.0014029071075870839,
        0.01362310088011011,
        2.853965775332349e-05
    ],
    "FOL_evap_int": 13.177820835141247
}