{
    "SHA_evap_coeffs": [
        -4.540715392490947,
        -0.062475724650399064,
        0.0012589727214194855,
        0.044223291302352634,
        3.464171472941646e-06
    ],
    "SHA_evap_int": 140.60465464101142,
    "ORO_evap_coeffs": [
        2.11179387806876,
        -0.039999492274180065,
        0.001280916093517481,
        -0.011845458185109169,
        -3.2467807732985965e-06
    ],
    "ORO_evap_int": -79.6554648422575,
    "FOL_evap_coeffs": [
        -0.9412243884596844,
        -0.04882975013496404,
        0.00140587837436621,
        0.013952789895196886,
        2.709987209776471e-05
    ],
    "FOL_evap_int": 13.766170483345533
}