{
    "SHA_evap_coeffs": [
        -4.7610979969414355,
        -0.05622873881119958,
        0.0012764327841157264,
        0.04622092706027852,
        2.1570572232151807e-06
    ],
    "SHA_evap_int": 137.90520791837525,
    "ORO_evap_coeffs": [
        2.118413744267634,
        -0.039689994578967984,
        0.0012802492566699277,
        -0.011852281999076064,
        -3.3131646040913053e-06
    ],
    "ORO_evap_int": -80.23644029675371,
    "FOL_evap_coeffs": [
        -0.9121868686320987,
        -0.0501096889014272,
        0.0014037544140269825,
        0.013672710518277731,
        2.8458492379377157e-05
    ],
    "FOL_evap_int": 13.339040470349502
}