{
    "SHA_evap_coeffs": [
        -4.532570592490441,
        -0.05905459585260081,
        0.001257414930722612,
        0.04448166941330132,
        2.8549148762962995e-06
    ],
    "SHA_evap_int": 135.46693360138838,
    "ORO_evap_coeffs": [
        2.1137696900287106,
        -0.03993461380488952,
        0.001280475967431003,
        -0.01184601654274293,
        -3.256778831707552e-06
    ],
    "ORO_evap_int": -79.79718265247617,
    "FOL_evap_coeffs": [
        -0.9181088190651465,
        -0.04994423345259816,
        0.0014049462042238269,
        0.013723559805382406,
        2.8235240436984277e-05
    ],
    "FOL_evap_int": 13.455240746076775
}