{
    "SHA_evap_coeffs": [
        10.061887149189907,
        0.25800912838125556,
        0.0006990228810455044,
        0.013706754181487297,
        3.625571423970797e-06
    ],
    "SHA_evap_int": 1871.612301263529,
    "ORO_evap_coeffs": [
        6.16350777757495,
        0.27047578272785583,
        0.0006735036226414668,
        0.008288248134315243,
        -2.3170628772883894e-06
    ],
    "ORO_evap_int": 1142.6490467421957,
    "FOL_evap_coeffs": [
        3.4229302070089607,
        0.31082822454054426,
        0.0007821422854678156,
        0.004287688351970277,
        2.68497507153187e-05
    ],
    "FOL_evap_int": 680.9661692540009
}