{
    "SHA_evap_coeffs": [
        -4.5707044320296015,
        -0.06331071934904452,
        0.0012582411858826333,
        0.044409883548005895,
        3.625571423915286e-06
    ],
    "SHA_evap_int": 142.65394229468077,
    "ORO_evap_coeffs": [
        -2.62117847200367,
        -0.03911362749167063,
        0.0012123065207545964,
        0.02685392395517563,
        -2.317062877309206e-06
    ],
    "ORO_evap_int": 60.74732230179693,
    "FOL_evap_coeffs": [
        -0.934043764483919,
        -0.04869911982039161,
        0.0014078561138421118,
        0.01389211026038241,
        2.6849750715284004e-05
    ],
    "FOL_evap_int": 13.521421020655385
}