{
    "SHA_evap_coeffs": [
        -4.540715392490959,
        -0.06247572465039866,
        0.0012589727214194785,
        0.04422329130235263,
        3.4641714729347073e-06
    ],
    "SHA_evap_int": 140.6046546410785,
    "ORO_evap_coeffs": [
        -2.6211104412149187,
        -0.03920644723661443,
        0.0012129547871408903,
        0.02683360959838329,
        -2.3024768126128636e-06
    ],
    "ORO_evap_int": 60.8491350955693,
    "FOL_evap_coeffs": [
        -0.9412243884596866,
        -0.04882975013496429,
        0.0014058783743662023,
        0.013952789895196873,
        2.709987209777165e-05
    ],
    "FOL_evap_int": 13.766170483343764
}