{
    "month_1": [
        6061.152727241093,
        -0.4774095228506614,
        1.3418324973266793,
        2.60047774421683,
        -5.45706260856841,
        5.397006658726965,
        -0.9621068628781939,
        6.426821878008307
    ],
    "month_2": [
        1898.5283943234258,
        5.580245977690909,
        -0.03309285243002158,
        0.8921394297356366,
        0.23611319236667727,
        -0.7493345535975153,
        -2.881755244606192,
        15.428903726720407
    ],
    "month_3": [
        5072.202235040542,
        -2.8839980846835997,
        3.3376759397915743,
        1.1161046316889358,
        -0.8159340152161765,
        -0.4328114193733568,
        2.4685488456196127,
        9.442738409523145
    ],
    "month_4": [
        6381.889117959999,
        -4.258988820966134,
        -0.6912224724285658,
        3.3898874029707056,
        0.7144597900240738,
        -0.7196410041936566,
        0.9897381063193813,
        14.185496547688286
    ],
    "month_5": [
        3708.13259287581,
        -0.1909792323253352,
        0.7291137954626052,
        0.7641747191570918,
        -1.3746794456243756,
        0.39417809165454415,
        1.2836440976931764,
        61.53922866099916
    ],
    "month_6": [
        969.0997362254094,
        -0.4988806120607824,
        0.1511423844190335,
        0.02721614829596826,
        -0.21217001634542798,
        2.495169304354308,
        0.3691070240226945,
        153.1583526667848
    ],
    "month_7": [
        458.59850642753463,
        0.41280003064045956,
        -0.14408281340134615,
        0.5533978024138897,
        -0.2553090454294682,
        2.6631289018156865,
        0.776045803540658,
        26.22711454782875
    ],
    "month_8": [
        495.6180681294095,
        0.0645677342214287,
        0.10840095166329074,
        0.07290872549535624,
        -0.4308263261602357,
        3.3933189131447756,
        5.7364236735052385,
        7.956365480492577
    ],
    "month_9": [
        468.38454659812754,
        1.2652792255323946,
        0.8531082048273185,
        1.5176894293347987,
        -0.42304243028833577,
        4.090408896362526,
        3.6884902487597993,
        3.028571132547705
    ],
    "month_10": [
        125.75651204767034,
        3.0716750644961834,
        0.985132234415217,
        0.0481306318019421,
        -0.39585893566655006,
        0.32836667899603245,
        0.6853364247747744,
        14.759573197890367
    ],
    "month_11": [
        203.39008576583876,
        1.040153086462387,
        -0.21875760638751596,
        1.4505969223297224,
        0.728190965431654,
        -0.8675133612857364,
        -2.5154511356349714,
        9.301057021996233
    ],
    "month_12": [
        -37.858531782898275,
        2.1718344161614027,
        -6.962653860966239,
        1.3692189518432287,
        -1.8010108952398733,
        2.5011814992515404,
        8.442407154603286,
        7.003350042884994
    ],
    "intercepts": [
        -20055.702357655908,
        6432.881898232881,
        -14564.603829905966,
        -30784.991625269005,
        -26444.827942934644,
        -17361.908619859925,
        -13440.771209696504,
        -9139.743528487961,
        -4454.324411200807,
        -1024.12839498844,
        227.38135419245282,
        11221.634891884722
    ]
}