{
    "month_1": [
        6063.209486894142,
        -0.47896653955802215,
        1.3403151902795116,
        2.600482960518889,
        -5.456155730831881,
        5.397122249267264,
        -0.9606407363554806,
        6.425734250502002
    ],
    "month_2": [
        1901.9112848529069,
        5.577055148525573,
        -0.03353385377248124,
        0.891973823042257,
        0.2358481394907265,
        -0.7487665115806469,
        -2.880410128484397,
        15.430190757219137
    ],
    "month_3": [
        5075.134948041813,
        -2.887452297899968,
        3.3288408990622242,
        1.1165990176989617,
        -0.811947612912529,
        -0.42942363437533343,
        2.4699288672486173,
        9.440176277139567
    ],
    "month_4": [
        6377.480015201186,
        -4.258066364228218,
        -0.6908603358190971,
        3.391301760700867,
        0.7151190881737299,
        -0.7176603904384525,
        0.9904498438551407,
        14.18247965260899
    ],
    "month_5": [
        3709.856859116387,
        -0.18963194161272953,
        0.7296323195485104,
        0.7631459463194836,
        -1.3716386749060985,
        0.38616444668138783,
        1.2829554346208603,
        61.54459037616491
    ],
    "month_6": [
        970.1702893310602,
        -0.4998350856430097,
        0.15103039794602527,
        0.02717902276762453,
        -0.21186694610702278,
        2.495846500496891,
        0.3689102493641761,
        153.1609177175885
    ],
    "month_7": [
        460.2595550145582,
        0.4037391740631182,
        -0.14266500895282475,
        0.5519836211405507,
        -0.24926276789670868,
        2.674031597533322,
        0.7673165028620422,
        26.200705853021915
    ],
    "month_8": [
        494.5786345416832,
        0.04419868607407679,
        0.11802849882635846,
        0.06999992500385421,
        -0.5002096704294667,
        3.5199327376431078,
        5.4840494747229895,
        12.121780465165289
    ],
    "month_9": [
        468.38454659812766,
        1.2652792255323944,
        0.8531082048273186,
        1.5176894293347996,
        -0.42304243028833644,
        4.090408896362524,
        3.688490248759796,
        3.028571132547709
    ],
    "month_10": [
        125.77650708543639,
        3.0715968295029836,
        0.9850920223192923,
        0.04812881867224901,
        -0.3958558034882237,
        0.32869749057485914,
        0.6851581981001527,
        14.759282475187291
    ],
    "month_11": [
        203.80288448468008,
        1.0401803963481022,
        -0.21883943403348308,
        1.450601236079111,
        0.7283242015395027,
        -0.8687757843153879,
        -2.51492900894556,
        9.30431433313893
    ],
    "month_12": [
        -36.49389787005232,
        2.17171264054338,
        -6.963833345401952,
        1.3692865374373795,
        -1.8004050339583941,
        2.5006331770315158,
        8.440926710932603,
        7.005134168322207
    ],
    "intercepts": [
        -20063.80180897915,
        6414.499119085449,
        -14577.603569621046,
        -30768.836045089305,
        -26450.50323005346,
        -17365.870175147087,
        -13440.92394615013,
        -9040.861588726024,
        -4454.324411200808,
        -1024.1278347041398,
        224.50403287159088,
        11212.60988505898
    ]
}