{
    "month_1": [
        6066.459811276155,
        -0.48145407587982436,
        1.3378973875467823,
        2.6004938346448023,
        -5.454720939558744,
        5.39729458417847,
        -0.9582676289503403,
        6.423998055574066
    ],
    "month_2": [
        1907.355197754054,
        5.5719109496472345,
        -0.03424418141092408,
        0.8917061211885696,
        0.23541493369504707,
        -0.7478461794680259,
        -2.8782312044763168,
        15.432263713994011
    ],
    "month_3": [
        5079.790383694035,
        -2.8929665746480664,
        3.3146673988062196,
        1.1173946025439334,
        -0.8055451364427012,
        -0.4239916794320498,
        2.472134775277811,
        9.436076492042167
    ],
    "month_4": [
        6370.212032369159,
        -4.256441670796402,
        -0.6902224773790772,
        3.3936522573368717,
        0.7161154881627111,
        -0.7145531269488309,
        0.9915084356598788,
        14.177714771199357
    ],
    "month_5": [
        3712.5524558503803,
        -0.18739088172973323,
        0.7305686466399313,
        0.7615017928687207,
        -1.3667780377219512,
        0.3731691258728388,
        1.281811222257963,
        61.55322994100115
    ],
    "month_6": [
        971.8750835324648,
        -0.5013442070733087,
        0.15085093380173778,
        0.027117724356557894,
        -0.21138304338653605,
        2.4968951101605756,
        0.36859624567764304,
        153.1653620467142
    ],
    "month_7": [
        462.13855023727933,
        0.40870647630401097,
        -0.13936317161173725,
        0.5514104430847789,
        -0.26504705238711784,
        2.680550090945257,
        0.7806061393760987,
        26.302420054435707
    ],
    "month_8": [
        494.5786345416833,
        0.04419868607407408,
        0.11802849882635809,
        0.06999992500385425,
        -0.5002096704294663,
        3.519932737643111,
        5.484049474722984,
        12.121780465165294
    ],
    "month_9": [
        468.38454659812766,
        1.265279225532392,
        0.8531082048273202,
        1.5176894293347976,
        -0.4230424302883389,
        4.0904088963625265,
        3.6884902487597953,
        3.028571132547709
    ],
    "month_10": [
        125.80748847871098,
        3.0714705542624543,
        0.9850275063886356,
        0.04812589596918474,
        -0.39585095533699033,
        0.32923414826592545,
        0.6848705297184058,
        14.75881236516035
    ],
    "month_11": [
        204.4682014737449,
        1.0402248260268254,
        -0.21897183311904397,
        1.4506093546852776,
        0.7285395750549108,
        -0.8708193161907513,
        -2.5140819207647076,
        9.309599556738196
    ],
    "month_12": [
        -34.28786785360927,
        2.1715153496646304,
        -6.965737161605128,
        1.369395474470839,
        -1.799426568792777,
        2.499746357987387,
        8.4385337532429,
        7.008017494008788
    ],
    "intercepts": [
        -20076.383215217873,
        6384.953052587851,
        -14598.134756894608,
        -30742.015964140654,
        -26459.229713089815,
        -17372.15565564672,
        -13447.655274484356,
        -9040.861588726022,
        -4454.324411200806,
        -1024.117625488656,
        219.86637154603886,
        11198.025433749197
    ]
}