{
    "month_1": [
        6225.976149882239,
        -0.586468967282042,
        1.2473183817766627,
        2.5856497319916185,
        -5.3056633418893995,
        5.343314067301737,
        -1.0006237432244525,
        6.386997100547584
    ],
    "month_2": [
        2110.0829145999173,
        5.40071718443637,
        -0.0752618415632238,
        0.8903429874698046,
        0.25796803774187094,
        -0.7514163985769362,
        -2.843396754846511,
        15.507628362201498
    ],
    "month_3": [
        5162.147463072503,
        -2.982626885415028,
        3.1024843134376465,
        1.1332426045302508,
        -0.8026441251112464,
        -0.3507839806293191,
        2.6427607648172495,
        9.470002950324561
    ],
    "month_4": [
        6430.4378556829315,
        -4.435198772323398,
        -0.7015898821580452,
        3.3794146357138444,
        0.8066689095469016,
        -0.7091741353237506,
        1.0864555008634795,
        14.167766545249126
    ],
    "month_5": [
        3735.987743231806,
        -0.24858632164534844,
        0.7506310320841538,
        0.7645876811633792,
        -1.3751110449110597,
        0.4265504795236894,
        1.3262710979516412,
        61.08139693659856
    ],
    "month_6": [
        993.4931325192606,
        -0.5205041293947618,
        0.1466458001008134,
        0.02954685457505242,
        -0.22267514874844685,
        2.535282358394255,
        0.3840778619613405,
        152.72454265302298
    ],
    "month_7": [
        477.97784056666035,
        0.3831377052811118,
        -0.14617858694051933,
        0.549525112123181,
        -0.26712473094742645,
        2.74105918018591,
        0.7822488998902446,
        26.07263892850075
    ],
    "month_8": [
        499.82979159124204,
        0.060138065922674566,
        0.10821092203477804,
        0.07373854883490422,
        -0.39391964553617365,
        3.3467931500108006,
        5.5997756120163364,
        7.8984169778630235
    ],
    "month_9": [
        469.8137795385388,
        1.2505622354930108,
        0.8354029671040573,
        1.517727762451732,
        -0.4290980419023269,
        4.121980131284842,
        3.6447585187437372,
        3.080672558445407
    ],
    "month_10": [
        132.34249329039991,
        3.069304090557722,
        0.9785613832497047,
        0.04794693793761251,
        -0.3953349296258182,
        0.3295746430700467,
        0.6814764701201628,
        14.76456890240325
    ],
    "month_11": [
        211.75938870027375,
        1.0405655278757786,
        -0.22050083145597538,
        1.4499164263387072,
        0.7330533863636464,
        -0.8921264044661168,
        -2.5196593673242855,
        9.30283199796075
    ],
    "month_12": [
        -37.499898156266845,
        2.1721039760592387,
        -6.9631581737593855,
        1.3692811638410158,
        -1.8013575581726113,
        2.501361708637896,
        8.442517005666888,
        7.00521458785589
    ],
    "intercepts": [
        -21199.816428244594,
        5107.812966998186,
        -15116.358519618923,
        -31135.550232193284,
        -26585.467151728073,
        -17472.602020528604,
        -13545.696177888527,
        -9173.522606098257,
        -4457.599624834317,
        -1070.0360167128702,
        167.22012267051878,
        11219.631868057495
    ]
}