{
    "month_1": [
        6065.205030717281,
        -0.4804897167179131,
        1.3388337774391785,
        2.6004892414283916,
        -5.455275084050785,
        5.397229607464501,
        -0.9591922014680179,
        6.424670924681366
    ],
    "month_2": [
        1905.2388823231265,
        5.573912133239637,
        -0.03396794682808956,
        0.8918103670519483,
        0.23558432649141922,
        -0.7482048744127271,
        -2.8790803692818496,
        15.431457587888584
    ],
    "month_3": [
        5077.990041430391,
        -2.8908294636539593,
        3.320170788868989,
        1.117085320972897,
        -0.8080322237901338,
        -0.42610041572088553,
        2.471279429871199,
        9.437666834374062
    ],
    "month_4": [
        6373.062888424034,
        -4.257093932142089,
        -0.6904785619403835,
        3.3927275358260935,
        0.7157376552018838,
        -0.7157492759284196,
        0.9911096965945716,
        14.179553840218576
    ],
    "month_5": [
        3711.5162484046596,
        -0.18827285933659846,
        0.7301896013429204,
        0.7621392678083931,
        -1.3686627593688794,
        0.3782356885840948,
        1.2822613458988215,
        61.54986968267515
    ],
    "month_6": [
        971.2150059559604,
        -0.5007615060656269,
        0.15092058920330734,
        0.02714178329780973,
        -0.2115705962339394,
        2.496493542639343,
        0.3687179216053696,
        153.1635876120016
    ],
    "month_7": [
        461.4458940661976,
        0.4045838961164927,
        -0.14000386084136457,
        0.5522905503479464,
        -0.25706718429453834,
        2.678332617359948,
        0.7728218665371698,
        26.387093686223018
    ],
    "month_8": [
        494.5786345416832,
        0.04419868607407679,
        0.11802849882635846,
        0.06999992500385421,
        -0.5002096704294667,
        3.5199327376431078,
        5.4840494747229895,
        12.121780465165289
    ],
    "month_9": [
        468.38454659812766,
        1.2652792255323944,
        0.8531082048273186,
        1.5176894293347996,
        -0.42304243028833644,
        4.090408896362524,
        3.688490248759796,
        3.028571132547709
    ],
    "month_10": [
        125.79562084637297,
        3.0715196991774647,
        0.9850525581360206,
        0.048127032896611986,
        -0.3958528116856837,
        0.3290248883159086,
        0.684982487264859,
        14.758995454538027
    ],
    "month_11": [
        204.20940860672903,
        1.0402074829767631,
        -0.21892025700201345,
        1.4506060249920758,
        0.7284557063929904,
        -0.8700231252985914,
        -2.5144122380419085,
        9.307538521981153
    ],
    "month_12": [
        -35.1469357960975,
        2.171592241705122,
        -6.96499620801427,
        1.3693530994197067,
        -1.7998074607388515,
        2.500091762482736,
        8.43946557201357,
        7.006894798692839
    ],
    "intercepts": [
        -20071.558986505792,
        6396.433681952141,
        -14590.21065343749,
        -30752.563315504118,
        -26455.897367649384,
        -17369.72542731798,
        -13445.814215197815,
        -9040.861588726024,
        -4454.324411200808,
        -1024.122967438624,
        221.67034623867812,
        11203.704129291069
    ]
}