{
    "month_1": [
        6065.205030717278,
        -0.4804897167179091,
        1.3388337774391832,
        2.600489241428394,
        -5.455275084050794,
        5.3972296074645,
        -0.959192201468015,
        6.424670924681371
    ],
    "month_2": [
        1905.2388823231313,
        5.573912133239626,
        -0.03396794682809644,
        0.8918103670519483,
        0.23558432649142477,
        -0.7482048744127326,
        -2.879080369281856,
        15.43145758788858
    ],
    "month_3": [
        5077.990041430389,
        -2.890829463653954,
        3.3201707888689866,
        1.1170853209729041,
        -0.8080322237901425,
        -0.42610041572088997,
        2.471279429871192,
        9.43766683437407
    ],
    "month_4": [
        6373.062888424033,
        -4.25709393214209,
        -0.6904785619403814,
        3.3927275358260967,
        0.7157376552018789,
        -0.7157492759284302,
        0.9911096965945801,
        14.1795538402186
    ],
    "month_5": [
        3711.5162484046577,
        -0.18827285933659887,
        0.7301896013429208,
        0.7621392678083931,
        -1.3686627593688787,
        0.3782356885840878,
        1.2822613458988126,
        61.54986968267518
    ],
    "month_6": [
        971.2150059559601,
        -0.5007615060656269,
        0.15092058920330834,
        0.027141783297804437,
        -0.21157059623393923,
        2.49649354263934,
        0.3687179216053814,
        153.1635876120017
    ],
    "month_7": [
        461.4458940661973,
        0.40458389611649115,
        -0.1400038608413648,
        0.5522905503479474,
        -0.2570671842945389,
        2.6783326173599455,
        0.7728218665371797,
        26.38709368622304
    ],
    "month_8": [
        494.5786345416833,
        0.04419868607407408,
        0.11802849882635809,
        0.06999992500385425,
        -0.5002096704294663,
        3.519932737643111,
        5.484049474722984,
        12.121780465165294
    ],
    "month_9": [
        468.38454659812766,
        1.265279225532392,
        0.8531082048273202,
        1.5176894293347976,
        -0.4230424302883389,
        4.0904088963625265,
        3.6884902487597953,
        3.028571132547709
    ],
    "month_10": [
        125.7956208463731,
        3.0715196991774634,
        0.9850525581360228,
        0.04812703289661162,
        -0.3958528116856828,
        0.3290248883159099,
        0.6849824872648574,
        14.758995454538027
    ],
    "month_11": [
        204.20940860672894,
        1.0402074829767594,
        -0.21892025700201273,
        1.4506060249920751,
        0.7284557063929911,
        -0.8700231252985859,
        -2.514412238041913,
        9.307538521981146
    ],
    "month_12": [
        -35.14693579609778,
        2.1715922417051163,
        -6.964996208014285,
        1.3693530994197094,
        -1.7998074607388441,
        2.500091762482736,
        8.43946557201357,
        7.006894798692843
    ],
    "intercepts": [
        -20071.558986505777,
        6396.433681952141,
        -14590.210653437483,
        -30752.563315504103,
        -26455.897367649326,
        -17369.725427317986,
        -13445.81421519781,
        -9040.861588726022,
        -4454.324411200806,
        -1024.122967438626,
        221.6703462386804,
        11203.704129291069
    ]
}