{
    "month_1": [
        6060.836427859667,
        -0.47717119524607665,
        1.3420650077643115,
        2.600477051175189,
        -5.45720200496339,
        5.396988453831488,
        -0.9623300011542211,
        6.426988417078651
    ],
    "month_2": [
        1898.0122180643602,
        5.580732460209628,
        -0.03302558933160604,
        0.8921646489894131,
        0.23615335870498155,
        -0.7494209703655585,
        -2.8819598954137517,
        15.428707420793105
    ],
    "month_3": [
        5071.752094482102,
        -2.8834691850595298,
        3.339025862344256,
        1.1160291960514266,
        -0.8165428006755714,
        -0.4333291638578738,
        2.468337658827668,
        9.443130317293662
    ],
    "month_4": [
        6382.55470035893,
        -4.259123744230584,
        -0.6912754387754926,
        3.3896746889780003,
        0.7143565076003419,
        -0.7199465408655498,
        0.9896258998819526,
        14.185960620604943
    ],
    "month_5": [
        3707.8662196788255,
        -0.19118178431677235,
        0.7290388985905119,
        0.7643321643043649,
        -1.3751447701742752,
        0.39539671903611795,
        1.2837476852170506,
        61.5384110210543
    ],
    "month_6": [
        968.9356418548064,
        -0.4987338614802105,
        0.15115950274922696,
        0.027221748557660574,
        -0.21221641782702844,
        2.495064268346204,
        0.36913715862495766,
        153.15797441168704
    ],
    "month_7": [
        458.49731824561684,
        0.41294968812531574,
        -0.14408689209078715,
        0.5534217805072821,
        -0.25521131721305196,
        2.662658344045735,
        0.7760572366890411,
        26.226950177478876
    ],
    "month_8": [
        492.50288563291707,
        0.0035278412818697813,
        0.11126852933542224,
        0.07548767305003021,
        -0.3688663319311267,
        3.495802005250515,
        5.393333246774355,
        11.732039491138677
    ],
    "month_9": [
        468.38454659812754,
        1.2652792255323946,
        0.8531082048273185,
        1.5176894293347987,
        -0.42304243028833577,
        4.090408896362526,
        3.6884902487597993,
        3.028571132547705
    ],
    "month_10": [
        125.75341148626993,
        3.0716869863939715,
        0.985138378285472,
        0.048130908253938065,
        -0.39585942157075626,
        0.32831638053724044,
        0.6853635839171007,
        14.759617463827947
    ],
    "month_11": [
        203.3271411327503,
        1.040148939350933,
        -0.21874515049437482,
        1.450596312954822,
        0.7281706755493944,
        -0.8673212312883352,
        -2.51553051991321,
        9.30056180551619
    ],
    "month_12": [
        -38.06633947686454,
        2.171852942348,
        -6.962474127405675,
        1.369208646568703,
        -1.8011031959214696,
        2.501264980984115,
        8.442632609831445,
        7.00307831966251
    ],
    "intercepts": [
        -20054.447725456062,
        6435.688332742808,
        -14562.604160320821,
        -30787.42255144178,
        -26443.945154038927,
        -17361.30043593905,
        -13440.317798728329,
        -9122.22215178315,
        -4454.324411200807,
        -1024.1280942089006,
        227.82008666760385,
        11223.009440968202
    ]
}