{
    "month_1": [
        6066.459811276157,
        -0.48145407587982797,
        1.3378973875467657,
        2.6004938346447988,
        -5.454720939558737,
        5.39729458417846,
        -0.9582676289503227,
        6.423998055574063
    ],
    "month_2": [
        1907.3551977540542,
        5.5719109496472345,
        -0.034244181410933404,
        0.8917061211885754,
        0.2354149336950444,
        -0.7478461794680228,
        -2.878231204476321,
        15.432263713994013
    ],
    "month_3": [
        5079.790383694035,
        -2.8929665746480633,
        3.3146673988062116,
        1.1173946025439316,
        -0.8055451364426975,
        -0.4239916794320497,
        2.4721347752778122,
        9.436076492042169
    ],
    "month_4": [
        6370.21203236916,
        -4.2564416707964146,
        -0.6902224773790883,
        3.393652257336883,
        0.7161154881627091,
        -0.7145531269488281,
        0.991508435659884,
        14.177714771199359
    ],
    "month_5": [
        3712.5524558503794,
        -0.18739088172973115,
        0.7305686466399346,
        0.7615017928687207,
        -1.3667780377219552,
        0.37316912587284007,
        1.281811222257964,
        61.55322994100114
    ],
    "month_6": [
        971.8750835324644,
        -0.5013442070733055,
        0.15085093380173306,
        0.027117724356564017,
        -0.21138304338653596,
        2.496895110160572,
        0.3685962456776441,
        153.16536204671408
    ],
    "month_7": [
        462.1385502372792,
        0.408706476304012,
        -0.1393631716117373,
        0.5514104430847782,
        -0.26504705238711695,
        2.6805500909452538,
        0.7806061393761013,
        26.302420054435682
    ],
    "month_8": [
        494.5786345416832,
        0.04419868607407679,
        0.11802849882635846,
        0.06999992500385421,
        -0.5002096704294667,
        3.5199327376431078,
        5.4840494747229895,
        12.121780465165289
    ],
    "month_9": [
        468.38454659812766,
        1.2652792255323944,
        0.8531082048273186,
        1.5176894293347996,
        -0.42304243028833644,
        4.090408896362524,
        3.688490248759796,
        3.028571132547709
    ],
    "month_10": [
        125.80748847871098,
        3.071470554262452,
        0.9850275063886295,
        0.04812589596918503,
        -0.39585095533698905,
        0.32923414826592573,
        0.6848705297184059,
        14.758812365160347
    ],
    "month_11": [
        204.46820147374484,
        1.0402248260268243,
        -0.21897183311904456,
        1.4506093546852785,
        0.7285395750549106,
        -0.8708193161907481,
        -2.5140819207647134,
        9.309599556738203
    ],
    "month_12": [
        -34.287867853610926,
        2.1715153496646358,
        -6.965737161605129,
        1.36939547447084,
        -1.7994265687927766,
        2.4997463579873824,
        8.438533753242897,
        7.008017494008794
    ],
    "intercepts": [
        -20076.38321521785,
        6384.953052587836,
        -14598.134756894608,
        -30742.015964140654,
        -26459.229713089808,
        -17372.155655646726,
        -13447.655274484358,
        -9040.861588726024,
        -4454.324411200808,
        -1024.1176254886532,
        219.86637154603977,
        11198.025433749204
    ]
}