{
    "month_1": [
        6077.692565236825,
        -0.4903473510799696,
        1.3293218942696978,
        2.600560356901221,
        -5.449744415417182,
        5.397776459033501,
        -0.949448491653505,
        6.417806501429584
    ],
    "month_2": [
        1927.2446566222573,
        5.553015220845471,
        -0.03684637695660492,
        0.8907150880883777,
        0.23376003912768248,
        -0.7444165202979323,
        -2.8701157573261358,
        15.439856831673792
    ],
    "month_3": [
        5096.105628509975,
        -2.91263171006041,
        3.263365592763553,
        1.1203011006532366,
        -0.7822913224168153,
        -0.4043613930649736,
        2.480032649784061,
        9.421350847559358
    ],
    "month_4": [
        6341.805418534527,
        -4.248999902342706,
        -0.6873004403279575,
        3.403038978956692,
        0.7190620481235593,
        -0.704060987959899,
        0.9944437892651881,
        14.161274413304836
    ],
    "month_5": [
        3721.530873199686,
        -0.1782013094388073,
        0.7356921758998302,
        0.7556066993252056,
        -1.3488967337520004,
        0.3230099277809816,
        1.2772936104541788,
        61.5835003237847
    ],
    "month_6": [
        977.1862543382543,
        -0.5052870038911957,
        0.15028996501233288,
        0.027842817497227914,
        -0.2095965102220346,
        2.4980174630854783,
        0.3673159688878665,
        153.1608912656805
    ],
    "month_7": [
        475.1905268721149,
        0.38620551058391156,
        -0.12422906308190848,
        0.5386933338136102,
        -0.3158115959028438,
        2.7422716458529433,
        0.8256850086307967,
        29.306127838149433
    ],
    "month_8": [
        494.5786345416832,
        0.04419868607407679,
        0.11802849882635846,
        0.06999992500385421,
        -0.5002096704294667,
        3.5199327376431078,
        5.4840494747229895,
        12.121780465165289
    ],
    "month_9": [
        468.38454659812766,
        1.2652792255323944,
        0.8531082048273186,
        1.5176894293347996,
        -0.42304243028833644,
        4.090408896362524,
        3.688490248759796,
        3.028571132547709
    ],
    "month_10": [
        125.90778261510923,
        3.0710051091656716,
        0.9847938842054695,
        0.048115163697507936,
        -0.39583531695029245,
        0.3312414251700285,
        0.6838101802657778,
        14.757070208048079
    ],
    "month_11": [
        206.91027378052155,
        1.0403923648661386,
        -0.21946336519732174,
        1.4506517187123313,
        0.7293369422784279,
        -0.8784156090769527,
        -2.5109126875751,
        9.329379996583157
    ],
    "month_12": [
        -26.11967429178718,
        2.1707802063616333,
        -6.972755117407805,
        1.3697953921194737,
        -1.7958138902921963,
        2.4964582879329797,
        8.429676516430174,
        7.018684426677289
    ],
    "intercepts": [
        -20117.46186990494,
        6277.399691810773,
        -14668.938002097391,
        -30635.20726792778,
        -26487.50856420301,
        -17394.52813661915,
        -13451.40800662414,
        -9040.861588726024,
        -4454.324411200808,
        -1023.9798437661589,
        202.84130579154817,
        11144.079207802337
    ]
}