{
    "month_1": [
        6060.836427859672,
        -0.4771711952461144,
        1.3420650077643377,
        2.6004770511751834,
        -5.457202004963384,
        5.396988453831488,
        -0.9623300011542077,
        6.426988417078662
    ],
    "month_2": [
        1898.012218064357,
        5.580732460209619,
        -0.033025589331608665,
        0.8921646489894103,
        0.23615335870497872,
        -0.749420970365551,
        -2.8819598954137344,
        15.428707420793105
    ],
    "month_3": [
        5071.752094482106,
        -2.8834691850595333,
        3.339025862344243,
        1.1160291960514317,
        -0.8165428006755704,
        -0.43332916385786785,
        2.468337658827674,
        9.443130317293669
    ],
    "month_4": [
        6382.554700358927,
        -4.25912374423058,
        -0.6912754387754987,
        3.389674688977998,
        0.7143565076003384,
        -0.7199465408655399,
        0.9896258998819526,
        14.185960620604945
    ],
    "month_5": [
        3707.8662196788296,
        -0.19118178431676472,
        0.7290388985905163,
        0.7643321643043605,
        -1.375144770174298,
        0.3953967190361384,
        1.2837476852170602,
        61.538411021054294
    ],
    "month_6": [
        968.9356418548103,
        -0.49873386148021465,
        0.15115950274922887,
        0.027221748557667284,
        -0.2122164178270262,
        2.4950642683462156,
        0.36913715862494095,
        153.157974411687
    ],
    "month_7": [
        458.9159837205456,
        0.4115676866268815,
        -0.1436433230340335,
        0.5525711912198329,
        -0.2550759977240947,
        2.6653037400605157,
        0.7763030402412106,
        26.18914994032281
    ],
    "month_8": [
        493.51609368345555,
        0.03914324491207645,
        0.11442020263158147,
        0.07195950125200647,
        -0.4340871260803527,
        3.400656714162975,
        5.623115313267287,
        12.09565609104627
    ],
    "month_9": [
        468.38454659812766,
        1.2652792255323944,
        0.8531082048273186,
        1.5176894293347996,
        -0.42304243028833644,
        4.090408896362524,
        3.688490248759796,
        3.028571132547709
    ],
    "month_10": [
        125.75341148626991,
        3.0716869863939715,
        0.9851383782854768,
        0.04813090825393899,
        -0.39585942157075504,
        0.32831638053723766,
        0.6853635839171013,
        14.759617463827954
    ],
    "month_11": [
        203.32714113275023,
        1.0401489393509358,
        -0.21874515049437362,
        1.4505963129548218,
        0.7281706755493959,
        -0.867321231288336,
        -2.515530519913215,
        9.300561805516189
    ],
    "month_12": [
        -38.06633947686486,
        2.17185294234801,
        -6.962474127405686,
        1.3692086465687026,
        -1.8011031959214725,
        2.5012649809841125,
        8.442632609831456,
        7.003078319662516
    ],
    "intercepts": [
        -20054.447725456084,
        6435.688332742837,
        -14562.604160320872,
        -30787.422551441752,
        -26443.945154038935,
        -17361.300435939087,
        -13439.990447156517,
        -9106.468080220118,
        -4454.324411200808,
        -1024.1280942089043,
        227.82008666760294,
        11223.009440968206
    ]
}