{
    "SHA_inf_coeffs": [
        0.9548702996505256,
        0.9841316500030808,
        0.9762172157436528,
        0.9804618826912996,
        0.9884805642865834,
        0.9618359699019312,
        0.8675837714140375,
        0.682745720947232,
        0.7729856035990068,
        0.9342433488447706,
        0.9273585834163389,
        0.9684624562588043
    ],
    "SHA_inf_int": [
        356.85160027297377,
        208.99244531492204,
        317.5735287238361,
        133.1712773876749,
        23.107425177060062,
        175.44945977871703,
        527.1219413840123,
        1150.660735207509,
        817.248126739686,
        284.08908948260154,
        417.83903845730833,
        371.39069908501705
    ],
    "ORO_inf_coeffs": [
        0.8765715276388534,
        0.8856860880820883,
        0.8864709721655254,
        0.9227655805066787,
        0.7890137620163783,
        0.8079915704363785,
        0.7580221185675692,
        0.6843222309516233,
        0.8195012402405868,
        0.5617479202147848,
        0.7392556573637987,
        0.8298888149712749
    ],
    "ORO_inf_int": [
        375.8743558445521,
        217.18142615297066,
        -291.7946939436369,
        -919.4410163435817,
        397.9710420727198,
        230.29299735220135,
        883.4221621108189,
        1272.455440574036,
        1010.8265906694934,
        1352.8578951410898,
        875.6347482937923,
        667.1990468859047
    ],
    "FOL_inf_coeffs": [
        0.8795656013858651,
        0.9135538917750743,
        0.823795878493302,
        0.8374557942891653,
        0.8088863291733294,
        0.7375336789958603,
        0.6303895958564031,
        0.5731688003415102,
        0.0416273468269488,
        0.41727495654226376,
        0.5019885481315859,
        0.7622286716619794
    ],
    "FOL_inf_int": [
        610.721342332075,
        426.2810527784607,
        568.1802951136432,
        -158.08472929578681,
        -107.01575742804313,
        838.4091501183445,
        1292.386321494261,
        1479.4642392015417,
        1470.611687667761,
        782.2892822385018,
        888.6520496226706,
        978.6914290521902
    ]
}