{
    "SHA_inf_coeffs": [
        0.9548702996505259,
        0.9841316500030814,
        0.9762172157436526,
        0.9804618826912995,
        0.9884805642865832,
        0.9618359699019315,
        0.8685774977647306,
        0.6797580337279797,
        0.7729856035990071,
        0.9342433488447706,
        0.9273585834163384,
        0.9684624562588041
    ],
    "SHA_inf_int": [
        356.851600272974,
        208.99244531492144,
        317.57352872383797,
        133.17127738767502,
        23.107425177060477,
        175.44945977871728,
        521.9463803750674,
        1166.038420504374,
        817.248126739686,
        284.08908948260085,
        417.8390384573075,
        371.3906990850175
    ],
    "ORO_inf_coeffs": [
        0.8765715276388536,
        0.8856860880820883,
        0.8864709721655252,
        0.9227655805066795,
        0.7890137620163781,
        0.8079915704363787,
        0.7585783557138057,
        0.6995853561714227,
        0.8195012402405865,
        0.5617479202147854,
        0.739255657363799,
        0.8298888149712752
    ],
    "ORO_inf_int": [
        375.8743558445561,
        217.18142615296858,
        -291.7946939436355,
        -919.4410163435819,
        397.9710420727198,
        230.29299735220084,
        880.9750947084106,
        1238.7567711987078,
        1010.8265906694935,
        1352.85789514109,
        875.6347482937929,
        667.1990468859093
    ],
    "FOL_inf_coeffs": [
        0.8795656013858656,
        0.9135538917750744,
        0.8237958784933014,
        0.8374557942891653,
        0.8088863291733294,
        0.7375336789958602,
        0.6310735858339508,
        0.5738818858357584,
        0.04162734682694852,
        0.4172749565422636,
        0.5019885481315857,
        0.7622286716619795
    ],
    "FOL_inf_int": [
        610.721342332072,
        426.2810527784608,
        568.1802951136424,
        -158.08472929578684,
        -107.01575742804319,
        838.4091501183451,
        1289.24006195681,
        1477.92811300251,
        1470.611687667761,
        782.2892822385023,
        888.6520496226702,
        978.6914290521904
    ]
}