{
    "SHA_evap_coeffs": [
        -4.764084583730436,
        -0.05627334436033262,
        0.001265305250979815,
        0.0464105782775338,
        2.2701778315557367e-06
    ],
    "SHA_evap_int": 138.2694456940045,
    "ORO_evap_coeffs": [
        2.1242851203467796,
        -0.03948356570644519,
        0.001280651185390103,
        -0.01186187585874148,
        -3.369866785498356e-06
    ],
    "ORO_evap_int": -80.74277500980092,
    "FOL_evap_coeffs": [
        -0.8383998113790231,
        -0.04942055939503887,
        0.001359696105404036,
        0.013185529782541477,
        3.0083305500802457e-05
    ],
    "FOL_evap_int": 11.217260786428035
}