{
    "SHA_evap_coeffs": [
        -4.769454796320359,
        -0.05628424750581515,
        0.0012654624041979709,
        0.04645024376505807,
        2.2704904911630602e-06
    ],
    "SHA_evap_int": 138.44183623523432,
    "ORO_evap_coeffs": [
        2.1245171121215147,
        -0.03957906394021592,
        0.0012799261821030306,
        -0.011857583569712846,
        -3.3379827899969326e-06
    ],
    "ORO_evap_int": -80.64894043882784,
    "FOL_evap_coeffs": [
        -0.8425203917470393,
        -0.04933731336622549,
        0.0013591107357952133,
        0.013220798924413841,
        3.001468081896643e-05
    ],
    "FOL_evap_int": 11.323913692163913
}