{
    "SHA_evap_coeffs": [
        -4.7623188937868735,
        -0.05626773952013727,
        0.0012649767239457943,
        0.04640163551995059,
        2.272306040572443e-06
    ],
    "SHA_evap_int": 138.21615908388674,
    "ORO_evap_coeffs": [
        2.1239776556412218,
        -0.03929530281219069,
        0.0012821308349668897,
        -0.011870964353485,
        -3.433597751035544e-06
    ],
    "ORO_evap_int": -80.93660193544629,
    "FOL_evap_coeffs": [
        -0.835053691732614,
        -0.0492154968686279,
        0.0013558086204197115,
        0.013170981904407094,
        3.0094161538325905e-05
    ],
    "FOL_evap_int": 11.081653158938728
}