{
    "SHA_evap_coeffs": [
        -4.820686899508927,
        -0.05599358219524005,
        0.0012596370906098496,
        0.04693841955933306,
        2.2581143898605127e-06
    ],
    "SHA_evap_int": 139.82254306942315,
    "ORO_evap_coeffs": [
        2.1248411373873273,
        -0.03952359578123763,
        0.001282095019818665,
        -0.011870621069051577,
        -3.3820022513944397e-06
    ],
    "ORO_evap_int": -80.78507610252566,
    "FOL_evap_coeffs": [
        -0.850618537074678,
        -0.04381105811474264,
        0.0013493891823747241,
        0.013317306306277936,
        2.4509237236402718e-05
    ],
    "FOL_evap_int": 10.48678116754914
}