{
    "SHA_evap_coeffs": [
        -4.764084583731304,
        -0.056273344360323135,
        0.0012653052509798187,
        0.046410578277537,
        2.2701778315542078e-06
    ],
    "SHA_evap_int": 138.26944569403167,
    "ORO_evap_coeffs": [
        2.1242851203467814,
        -0.039483565706445956,
        0.0012806511853901028,
        -0.011861875858741482,
        -3.369866785494625e-06
    ],
    "ORO_evap_int": -80.74277500981789,
    "FOL_evap_coeffs": [
        -0.838399811379024,
        -0.04942055939503874,
        0.00135969610540404,
        0.01318552978254148,
        3.008330550080105e-05
    ],
    "FOL_evap_int": 11.217260786428348
}