{
    "SHA_evap_coeffs": [
        -4.7285631973758395,
        -0.05699170164093275,
        0.001260061745613007,
        0.04622810466521172,
        2.4834575387834906e-06
    ],
    "SHA_evap_int": 137.94912637398738,
    "ORO_evap_coeffs": [
        2.120509820105546,
        -0.03873575193013138,
        0.0012899626781292001,
        -0.011916280536037781,
        -3.6658677620991898e-06
    ],
    "ORO_evap_int": -81.49865976288177,
    "FOL_evap_coeffs": [
        -0.8771071484835241,
        -0.043713365135122584,
        0.0013556442391650283,
        0.01351416038520102,
        2.3812646010618638e-05
    ],
    "FOL_evap_int": 11.262034892219297
}