{
    "SHA_evap_coeffs": [
        -4.727761786540935,
        -0.05699775548241058,
        0.0012601776650120677,
        0.046219871841551574,
        2.483432594797135e-06
    ],
    "SHA_evap_int": 137.9307279875083,
    "ORO_evap_coeffs": [
        2.121434145748162,
        -0.038887156343918705,
        0.0012893820843071532,
        -0.011913960631930794,
        -3.6234750228004e-06
    ],
    "ORO_evap_int": -81.3980965322643,
    "FOL_evap_coeffs": [
        -0.8802814831681784,
        -0.043755924000391584,
        0.0013565421193330535,
        0.01353711851398263,
        2.3772742753253957e-05
    ],
    "FOL_evap_int": 11.366736354542503
}