{
    "SHA_evap_coeffs": [
        -4.773768646177582,
        -0.05630446284572053,
        0.0012677989495680328,
        0.04644950360700534,
        2.25213688737434e-06
    ],
    "SHA_evap_int": 138.5471068325443,
    "ORO_evap_coeffs": [
        2.124300092986402,
        -0.03951049225162051,
        0.0012804378605129772,
        -0.01186052214926964,
        -3.3606933587224955e-06
    ],
    "ORO_evap_int": -80.71354241364095,
    "FOL_evap_coeffs": [
        -0.8358529677064949,
        -0.0494981191005174,
        0.0013603548349970973,
        0.013162722702602643,
        3.0138237244220954e-05
    ],
    "FOL_evap_int": 11.156154609213331
}