{
    "month_1": [
        6080.074808629628,
        -0.492303426385743,
        1.327451332583441,
        2.600581293810754,
        -5.448684735519033,
        5.3978518291984585,
        -0.9474323264615498,
        6.416448221787678
    ],
    "month_2": [
        1931.7164413359455,
        5.548744218767712,
        -0.03743299765482952,
        0.8904893711895253,
        0.23337183444308418,
        -0.7436304011750376,
        -2.868256566042955,
        15.441568370740772
    ],
    "month_3": [
        5099.618654007948,
        -2.9169452666612807,
        3.2519394262208228,
        1.1209545021851295,
        -0.7770941541539674,
        -0.3999962394464087,
        2.481772177008196,
        9.418096751529255
    ],
    "month_4": [
        6335.008029666017,
        -4.246992798837422,
        -0.6865122764694495,
        3.405326567749833,
        0.7195705931290891,
        -0.7018929787902506,
        0.994896927119238,
        14.157793064031562
    ],
    "month_5": [
        3723.358016304412,
        -0.17600640334514506,
        0.7369570896646345,
        0.7543125454550983,
        -1.345066048918921,
        0.3118581746167803,
        1.2761790781496587,
        61.59064716640716
    ],
    "month_6": [
        986.5642148402408,
        -0.5103879955771919,
        0.14903454328930135,
        0.020476090979394092,
        -0.22318167643335027,
        2.515147279938711,
        0.381454047433956,
        153.39150943088893
    ],
    "month_7": [
        475.49823330902706,
        0.3805146385340912,
        -0.12457863385899624,
        0.5383727185884651,
        -0.31036114741250587,
        2.7474130602915277,
        0.8170947256212027,
        29.43645346239996
    ],
    "month_8": [
        494.5786345416832,
        0.04419868607407679,
        0.11802849882635846,
        0.06999992500385421,
        -0.5002096704294667,
        3.5199327376431078,
        5.4840494747229895,
        12.121780465165289
    ],
    "month_9": [
        468.38454659812766,
        1.2652792255323944,
        0.8531082048273186,
        1.5176894293347996,
        -0.42304243028833644,
        4.090408896362524,
        3.688490248759796,
        3.028571132547709
    ],
    "month_10": [
        125.92745786131667,
        3.070899539647908,
        0.9847418195095933,
        0.04811273845999859,
        -0.39583226323519516,
        0.33170315378891263,
        0.683569674464327,
        14.756672995105511
    ],
    "month_11": [
        207.4619226290463,
        1.040431200032195,
        -0.2195756320594768,
        1.450664076435086,
        0.7295185781272764,
        -0.8801527390555777,
        -2.5101834723184835,
        9.33393277522635
    ],
    "month_12": [
        -24.258906838391336,
        2.170611714435531,
        -6.974346976884171,
        1.369885738810345,
        -1.7949931552010434,
        2.4957082593061712,
        8.427659460061843,
        7.021112428715918
    ],
    "intercepts": [
        -20125.607266074432,
        6253.306305902413,
        -14683.91564307335,
        -30609.237842800812,
        -26492.692271291256,
        -17386.834727492384,
        -13448.248915371685,
        -9040.861588726024,
        -4454.324411200808,
        -1023.9264555958816,
        198.9949293185805,
        11131.802043248863
    ]
}