{
    "month_1": [
        10906.22820183898,
        -1.4815089522187517,
        1.0694677946216509,
        2.4553699987532003,
        -4.611502413060717,
        5.024695234828795,
        -0.8723523164043999,
        6.361617688135219
    ],
    "month_2": [
        3023.8444519368577,
        4.8417562941360615,
        0.06479172782365741,
        0.8445994730448947,
        0.12916659324533503,
        -0.5460829526047989,
        -2.920886981348734,
        15.898760614701391
    ],
    "month_3": [
        5643.327208937036,
        -2.9867325719983,
        2.605768517722381,
        1.1269158505905277,
        -0.5692886042321651,
        -0.229757437691749,
        2.4628393038036247,
        9.990671879279127
    ],
    "month_4": [
        5847.5967853205075,
        -3.852644450077584,
        -0.35945474115202647,
        3.7999514281449147,
        0.8934852680470716,
        -2.109818202979902,
        1.4689826066473384,
        14.970402593540438
    ],
    "month_5": [
        3939.0925376342984,
        0.45181790966620267,
        0.6788157448976365,
        0.9950994017897724,
        -1.3236630780053107,
        -0.9018494020980682,
        1.1558340319450235,
        64.08451198451482
    ],
    "month_6": [
        114.9819294001422,
        0.6913631916935868,
        0.2121827921433226,
        -0.008823528164583221,
        -0.4369828398900465,
        0.9553289122199589,
        0.40464392350228795,
        164.8569853037204
    ],
    "month_7": [
        378.69765184750764,
        1.0240766724684942,
        -0.12230385683818826,
        0.6288736980246015,
        -0.43543360904833234,
        1.4133528736008718,
        1.351186497463556,
        30.7135495003797
    ],
    "month_8": [
        362.43766320594176,
        0.629940048512899,
        0.12573741152987467,
        0.06279934871993482,
        -0.16036048332696012,
        2.534768978386131,
        6.014903983055468,
        12.842765424249016
    ],
    "month_9": [
        -16.81115056517414,
        2.3935482356933844,
        1.2307840647088957,
        1.8022116671793103,
        0.34557325295712127,
        3.5364690366679885,
        3.7581119089228285,
        0.6359699617559004
    ],
    "month_10": [
        621.782786200771,
        3.1715123883124665,
        0.9094979784456383,
        0.05118723639792602,
        -0.3899122993292804,
        0.5277014200088188,
        0.5419535660060688,
        14.837490928795573
    ],
    "month_11": [
        767.4015211562235,
        1.1964853819378176,
        -0.2629052927277805,
        1.5019405600643327,
        0.7899896461965891,
        -1.491158135941563,
        -2.638097649046827,
        10.044040081595622
    ],
    "month_12": [
        2146.8954709939826,
        2.435885227348907,
        -6.984640576568773,
        1.3171876019161308,
        -1.5549666909394937,
        1.7862635232691688,
        7.050356012897895,
        7.827565312329107
    ],
    "intercepts": [
        -45757.829800020474,
        -680.4854364880302,
        -21184.650514173736,
        -33638.59751215769,
        -31246.867848642552,
        -13606.707937996292,
        -13381.573580605393,
        -8531.090368625257,
        -1752.3717956109092,
        -4178.141123817943,
        -3730.7859370693773,
        -4894.268448864954
    ]
}