{
  "MIL_coeffs":[1.09037290e+04, -1.47697676e+00, 1.07296398e+00, 2.45508256e+00, -4.61250637e+00, 5.02594843e+00, -8.80134772e-01, 6.36446524e+00],
  "NML_coeffs":[3.01324252e+03,   4.85229075e+00,   6.54314339e-02, 8.45305586e-01, 1.31250685e-01, -5.49019226e-01, -2.92594227e+00, 1.58942595e+01],
  "YRS_coeffs":[5.64881303e+03, -2.98780530e+00, 2.61337758e+00, 1.12607522e+00, -5.73947981e-01, -2.32305280e-01, 2.46277752e+00, 9.99198281e+00],
  "TLG_coeffs":[6.28952752e+03, -3.75558723e+00, -2.80174376e-01, 3.91574275e+00, -1.38658505e+00, -6.12154426e-01, 2.31703141e+00, 1.59088231e+01],
  "MRC_coeffs":[3.93909254e+03, 4.51817910e-01, 6.78815745e-01, 9.95099402e-01, -1.32366308e+00, -9.01849402e-01, 1.15583403e+00, 6.40845120e+01],
  "MKM_coeffs":[1.14981929e+02, 6.91363192e-01, 2.12182792e-01, -8.82352816e-03, -4.36982840e-01, 9.55328912e-01, 4.04643924e-01, 1.64856985e+02],
  "NHG_coeffs":[3.78697652e+02, 1.02407667e+00, -1.22303857e-01, 6.28873698e-01, -4.35433609e-01, 1.41335287e+00, 1.35118650e+00, 3.07135495e+01],
  "intercepts":[-45772.784982100398, -625.85510279745358, -21229.285053384636, -33471.394787606914, -31246.867848642552, -13606.707937996292, -13381.573580605393, -8531.0903686252568, -1752.3717956109092, -4223.1363094911321, -3699.8742102569436, -4890.8855046582466]
}
