{
    "month_1": [
        6080.074808629626,
        -0.4923034263857267,
        1.3274513325834274,
        2.600581293810759,
        -5.4486847355190395,
        5.397851829198453,
        -0.9474323264615458,
        6.416448221787687
    ],
    "month_2": [
        1931.7164413359465,
        5.548744218767696,
        -0.03743299765482133,
        0.8904893711895246,
        0.23337183444308227,
        -0.7436304011750452,
        -2.8682565660429455,
        15.44156837074079
    ],
    "month_3": [
        5099.618654007948,
        -2.9169452666612807,
        3.251939426220816,
        1.1209545021851313,
        -0.7770941541539673,
        -0.3999962394464092,
        2.481772177008195,
        9.418096751529259
    ],
    "month_4": [
        6335.008029666018,
        -4.246992798837429,
        -0.68651227646946,
        3.405326567749836,
        0.7195705931291013,
        -0.7018929787902495,
        0.9948969271192339,
        14.157793064031559
    ],
    "month_5": [
        3723.358016304411,
        -0.1760064033451489,
        0.7369570896646315,
        0.754312545455093,
        -1.3450660489189237,
        0.3118581746168013,
        1.2761790781496518,
        61.590647166407145
    ],
    "month_6": [
        986.5642148402399,
        -0.5103879955772079,
        0.1490345432892965,
        0.020476090979388722,
        -0.22318167643333786,
        2.515147279938718,
        0.38145404743395234,
        153.3915094308893
    ],
    "month_7": [
        475.4982333090271,
        0.3805146385340905,
        -0.1245786338589974,
        0.5383727185884668,
        -0.31036114741250515,
        2.74741306029153,
        0.8170947256211982,
        29.436453462399953
    ],
    "month_8": [
        494.5786345416833,
        0.04419868607407408,
        0.11802849882635809,
        0.06999992500385425,
        -0.5002096704294663,
        3.519932737643111,
        5.484049474722984,
        12.121780465165294
    ],
    "month_9": [
        468.38454659812766,
        1.265279225532392,
        0.8531082048273202,
        1.5176894293347976,
        -0.4230424302883389,
        4.0904088963625265,
        3.6884902487597953,
        3.028571132547709
    ],
    "month_10": [
        125.92745786131667,
        3.070899539647902,
        0.9847418195095958,
        0.04811273845999917,
        -0.39583226323519255,
        0.33170315378891313,
        0.6835696744643256,
        14.756672995105514
    ],
    "month_11": [
        207.46192262904628,
        1.040431200032194,
        -0.21957563205947886,
        1.4506640764350875,
        0.7295185781272779,
        -0.8801527390555768,
        -2.510183472318485,
        9.333932775226351
    ],
    "month_12": [
        -24.258906838392193,
        2.170611714435538,
        -6.974346976884163,
        1.3698857388103465,
        -1.7949931552010516,
        2.4957082593061672,
        8.42765946006184,
        7.02111242871593
    ],
    "intercepts": [
        -20125.607266074432,
        6253.306305902413,
        -14683.915643073342,
        -30609.237842800827,
        -26492.692271291213,
        -17386.834727492347,
        -13448.248915371685,
        -9040.861588726022,
        -4454.324411200806,
        -1023.9264555958821,
        198.99492931858003,
        11131.802043248863
    ]
}