{
    "month_1": [
        6079.625549871696,
        -0.4919323839757773,
        1.3278056908828997,
        2.6005771353075646,
        -5.448884707762179,
        5.397838440692962,
        -0.9478170333562388,
        6.416705764649385
    ],
    "month_2": [
        1930.8653259671867,
        5.549557776949231,
        -0.03732130061411711,
        0.8905324162070323,
        0.23344619019884233,
        -0.7437804598083556,
        -2.868611430890444,
        15.441242486488532
    ],
    "month_3": [
        5098.954530690189,
        -2.916127402812873,
        3.254111017484723,
        1.120830142936858,
        -0.7780824251138316,
        -0.4008256503220894,
        2.4814421450354467,
        9.41871445356809
    ],
    "month_4": [
        6336.313630102881,
        -4.247384453218633,
        -0.6866660757567191,
        3.4048860571286856,
        0.7194782477155034,
        -0.7023000992810097,
        0.9948166546270921,
        14.158449457946512
    ],
    "month_5": [
        3723.015906888981,
        -0.1764292949049633,
        0.7367091320542964,
        0.7545580296581806,
        -1.3457927524128368,
        0.31398753677798913,
        1.2763937399172194,
        61.5892862401998
    ],
    "month_6": [
        981.704215203364,
        -0.5087322915459584,
        0.14974310348330566,
        0.026376378024748865,
        -0.21400416642475373,
        2.5049864005533142,
        0.3730025473073816,
        153.17612848159501
    ],
    "month_7": [
        475.49823330902706,
        0.3805146385340912,
        -0.12457863385899624,
        0.5383727185884651,
        -0.31036114741250587,
        2.7474130602915277,
        0.8170947256212027,
        29.43645346239996
    ],
    "month_8": [
        494.5786345416832,
        0.04419868607407679,
        0.11802849882635846,
        0.06999992500385421,
        -0.5002096704294667,
        3.5199327376431078,
        5.4840494747229895,
        12.121780465165289
    ],
    "month_9": [
        468.38454659812766,
        1.2652792255323944,
        0.8531082048273186,
        1.5176894293347996,
        -0.42304243028833644,
        4.090408896362524,
        3.688490248759796,
        3.028571132547709
    ],
    "month_10": [
        125.92379638120134,
        3.070919659676038,
        0.9847517157239242,
        0.048113200416772126,
        -0.3958328310482722,
        0.3316149695515382,
        0.6836155115056666,
        14.756748757590742
    ],
    "month_11": [
        207.3568504832646,
        1.0404237745816076,
        -0.21955421309723736,
        1.4506616422159364,
        0.7294839383465794,
        -0.8798212581481885,
        -2.5103227493616855,
        9.33306317239006
    ],
    "month_12": [
        -24.613774358203994,
        2.1706438768265017,
        -6.974043589749864,
        1.3698685304421663,
        -1.7951496132351474,
        2.495851325689107,
        8.428044114031014,
        7.020649440815602
    ],
    "intercepts": [
        -20124.088585125355,
        6257.889445169611,
        -14681.09230502243,
        -30614.23704925142,
        -26491.734589387233,
        -17396.71418841736,
        -13448.248915371685,
        -9040.861588726024,
        -4454.324411200808,
        -1023.9372670083712,
        199.7275608094219,
        11134.143077558532
    ]
}