{
    "month_1": [
        10903.729010208117,
        -1.4769767558539544,
        1.0729639808898173,
        2.4550825591884182,
        -4.61250636545749,
        5.025948430204552,
        -0.8801347724929739,
        6.364465240924921
    ],
    "month_2": [
        3013.242517945519,
        4.852290750066549,
        0.06543143391067736,
        0.8453055858067438,
        0.1312506854305409,
        -0.5490192255702417,
        -2.9259422666439594,
        15.894259504120589
    ],
    "month_3": [
        5648.8130297655935,
        -2.9878053027745244,
        2.613377582728249,
        1.1260752167919434,
        -0.5739479807385104,
        -0.232305280043403,
        2.4627775154898712,
        9.991982807011523
    ],
    "month_4": [
        6289.527522348667,
        -3.755587226328032,
        -0.28017437630583564,
        3.915742752503615,
        -1.3865850460160838,
        -0.6121544264926311,
        2.3170314081337473,
        15.908823059815235
    ],
    "month_5": [
        3939.0925376342984,
        0.45181790966620267,
        0.6788157448976365,
        0.9950994017897724,
        -1.3236630780053107,
        -0.9018494020980682,
        1.1558340319450235,
        64.08451198451482
    ],
    "month_6": [
        114.9819294001422,
        0.6913631916935868,
        0.2121827921433226,
        -0.008823528164583221,
        -0.4369828398900465,
        0.9553289122199589,
        0.40464392350228795,
        164.8569853037204
    ],
    "month_7": [
        378.69765184750764,
        1.0240766724684942,
        -0.12230385683818826,
        0.6288736980246015,
        -0.43543360904833234,
        1.4133528736008718,
        1.351186497463556,
        30.7135495003797
    ],
    "month_8": [
        362.43766320594176,
        0.629940048512899,
        0.12573741152987467,
        0.06279934871993482,
        -0.16036048332696012,
        2.534768978386131,
        6.014903983055468,
        12.842765424249016
    ],
    "month_9": [
        -16.81115056517414,
        2.3935482356933844,
        1.2307840647088957,
        1.8022116671793103,
        0.34557325295712127,
        3.5364690366679885,
        3.7581119089228285,
        0.6359699617559004
    ],
    "month_10": [
        628.4036970960397,
        3.1733228157534397,
        0.9102999888265347,
        0.051222371589007075,
        -0.3896086598226465,
        0.5211897030349214,
        0.5426818062871815,
        14.842152854677233
    ],
    "month_11": [
        763.0076527586551,
        1.19526340122528,
        -0.262110304520179,
        1.500930278105045,
        0.7888771567477957,
        -1.4786779327163917,
        -2.642228826242229,
        10.009254939393282
    ],
    "month_12": [
        2145.692504275773,
        2.4361989324826663,
        -6.987767013759681,
        1.3175613907922945,
        -1.5540711638120641,
        1.7871025487425358,
        7.050804607380242,
        7.828036246744684
    ],
    "intercepts": [
        -45772.7849821004,
        -625.8551027974536,
        -21229.285053384636,
        -33471.394787606914,
        -31246.867848642552,
        -13606.707937996292,
        -13381.573580605393,
        -8531.090368625257,
        -1752.3717956109092,
        -4223.136309491132,
        -3699.8742102569436,
        -4890.885504658247
    ]
}