{
    "month_1": [
        6081.388687378096,
        -0.49339455705074176,
        1.3264105484909694,
        2.6005940409162784,
        -5.448099542106344,
        5.397888685033252,
        -0.946294734732203,
        6.415691153056409
    ],
    "month_2": [
        1934.2272908406962,
        5.546342348885634,
        -0.03776263720296403,
        0.8903621526036607,
        0.23315118532990078,
        -0.7431865123211036,
        -2.867206915241567,
        15.442530102127149
    ],
    "month_3": [
        5101.565402508364,
        -2.9193493579571848,
        3.2455417965485776,
        1.1213213624776996,
        -0.7741811945375761,
        -0.39755331551607004,
        2.4827428862867724,
        9.416279048303954
    ],
    "month_4": [
        6331.12375012339,
        -4.245810813085571,
        -0.6860481165226427,
        3.40664019900189,
        0.7198307620548564,
        -0.7007071550852418,
        0.9951172700093123,
        14.155873782691891
    ],
    "month_5": [
        3724.351637326913,
        -0.1747446617132225,
        0.737708493300888,
        0.7535906555996276,
        -1.3429288479469996,
        0.3055575299900348,
        1.2755388159471124,
        61.594663806073015
    ],
    "month_6": [
        987.8942677968805,
        -0.5001356827063158,
        0.14872994104898504,
        0.01984631586365253,
        -0.24096643073235635,
        2.5142692726188405,
        0.39843263657444644,
        153.34436234890316
    ],
    "month_7": [
        475.4982333090271,
        0.3805146385340905,
        -0.1245786338589974,
        0.5383727185884668,
        -0.31036114741250515,
        2.74741306029153,
        0.8170947256211982,
        29.436453462399953
    ],
    "month_8": [
        494.5786345416833,
        0.04419868607407408,
        0.11802849882635809,
        0.06999992500385425,
        -0.5002096704294663,
        3.519932737643111,
        5.484049474722984,
        12.121780465165294
    ],
    "month_9": [
        468.38454659812766,
        1.265279225532392,
        0.8531082048273202,
        1.5176894293347976,
        -0.4230424302883389,
        4.0904088963625265,
        3.6884902487597953,
        3.028571132547709
    ],
    "month_10": [
        125.93802955075122,
        3.0708401095529063,
        0.9847126615212485,
        0.04811137465494677,
        -0.3958306251322485,
        0.3319641415627031,
        0.6834342817396976,
        14.756449045740359
    ],
    "month_11": [
        207.77210588403844,
        1.0404531994185584,
        -0.2196389610536272,
        1.4506714843814283,
        0.729620958774486,
        -0.8811329884425637,
        -2.5097712538895944,
        9.336506653325294
    ],
    "month_12": [
        -23.21006807038591,
        2.170516575399609,
        -6.975243118987874,
        1.3699365397741214,
        -1.7945309091922286,
        2.4952853377136983,
        8.426522638709788,
        7.022480668442088
    ],
    "intercepts": [
        -20130.000155519003,
        6239.792791135871,
        -14692.169120338818,
        -30594.33426663197,
        -26495.437512049226,
        -17375.89059910247,
        -13448.248915371685,
        -9040.861588726022,
        -4454.324411200806,
        -1023.8927668160359,
        196.8320880330848,
        11124.88389001154
    ]
}