{
    "month_1": [
        10907.069342644043,
        -1.4879728023231804,
        1.0646310803972814,
        2.4559485917389754,
        -4.610864052036989,
        5.022380593438111,
        -0.8594451037645008,
        6.357471759663199
    ],
    "month_2": [
        3040.693257271958,
        4.824769753660639,
        0.0637581692296006,
        0.8434459135894833,
        0.12567995951256156,
        -0.5412540188329407,
        -2.9124788471996665,
        15.905961090826194
    ],
    "month_3": [
        5633.293196374512,
        -2.984212594105682,
        2.594525061093731,
        1.1282593112728674,
        -0.562104917322374,
        -0.22607124214240829,
        2.462678102488905,
        9.988860953671052
    ],
    "month_4": [
        6078.506855235239,
        -4.031268786735114,
        -0.4015267052396978,
        3.8750910021727205,
        0.14055437282281613,
        -1.637011099911953,
        1.9917971788248063,
        15.387971022088983
    ],
    "month_5": [
        3939.0925376342984,
        0.45181790966620267,
        0.6788157448976365,
        0.9950994017897724,
        -1.3236630780053107,
        -0.9018494020980682,
        1.1558340319450235,
        64.08451198451482
    ],
    "month_6": [
        114.9819294001422,
        0.6913631916935868,
        0.2121827921433226,
        -0.008823528164583221,
        -0.4369828398900465,
        0.9553289122199589,
        0.40464392350228795,
        164.8569853037204
    ],
    "month_7": [
        378.69765184750764,
        1.0240766724684942,
        -0.12230385683818826,
        0.6288736980246015,
        -0.43543360904833234,
        1.4133528736008718,
        1.351186497463556,
        30.7135495003797
    ],
    "month_8": [
        362.43766320594176,
        0.629940048512899,
        0.12573741152987467,
        0.06279934871993482,
        -0.16036048332696012,
        2.534768978386131,
        6.014903983055468,
        12.842765424249016
    ],
    "month_9": [
        -16.81115056517414,
        2.3935482356933844,
        1.2307840647088957,
        1.8022116671793103,
        0.34557325295712127,
        3.5364690366679885,
        3.7581119089228285,
        0.6359699617559004
    ],
    "month_10": [
        609.818450484622,
        3.1684552977904588,
        0.9081344323684251,
        0.051128601869917745,
        -0.3904610194280337,
        0.5384579262668739,
        0.5411236461299497,
        14.829899204357094
    ],
    "month_11": [
        774.107232328322,
        1.1984029972411943,
        -0.26418423007828856,
        1.5036308978376152,
        0.791768198290407,
        -1.5113326586744709,
        -2.6310841677997634,
        10.101628251583694
    ],
    "month_12": [
        2148.1326932532916,
        2.4352698906894545,
        -6.97945480339583,
        1.316586222283371,
        -1.5565342806858418,
        1.7851183845904368,
        7.050089374036054,
        7.826509509414417
    ],
    "intercepts": [
        -45712.81883041436,
        -766.3524140803274,
        -21104.896202516655,
        -33970.6731618728,
        -31246.867848642552,
        -13606.707937996292,
        -13381.573580605393,
        -8531.090368625257,
        -1752.3717956109092,
        -4097.226942244744,
        -3777.989664671805,
        -4894.27049974733
    ]
}