{
    "month_1": [
        10700.069686388737,
        -1.3591964017851605,
        1.1714396789610684,
        2.456202908317628,
        -4.679013841440774,
        5.031655678801201,
        -0.9902970871539953,
        6.434150163781838
    ],
    "month_2": [
        2824.6300866211677,
        5.027104677885213,
        0.07594166265860514,
        0.8562532788031884,
        0.15935086719813965,
        -0.592897281007845,
        -2.9966353285303753,
        15.816611453606818
    ],
    "month_3": [
        5678.29307627478,
        -2.964507826941131,
        2.7935725189467786,
        1.1114444890395392,
        -0.6687257246507274,
        -0.2967389060237689,
        2.4481599482039593,
        10.029602907748929
    ],
    "month_4": [
        5760.948068719119,
        -3.4698175266864224,
        -0.5035465336690644,
        4.082440643420816,
        0.33348298526873243,
        -1.8940339336541538,
        1.098335405873168,
        15.327372020439963
    ],
    "month_5": [
        3934.995116011588,
        0.47698909555684943,
        0.6492481879460512,
        0.9740676344422651,
        -1.2653738069402358,
        -1.007281903700252,
        1.1549516673898634,
        64.49732439587946
    ],
    "month_6": [
        114.9819294001422,
        0.6913631916935868,
        0.2121827921433226,
        -0.008823528164583221,
        -0.4369828398900465,
        0.9553289122199589,
        0.40464392350228795,
        164.8569853037204
    ],
    "month_7": [
        378.69765184750764,
        1.0240766724684942,
        -0.12230385683818826,
        0.6288736980246015,
        -0.43543360904833234,
        1.4133528736008718,
        1.351186497463556,
        30.7135495003797
    ],
    "month_8": [
        362.43766320594176,
        0.629940048512899,
        0.12573741152987467,
        0.06279934871993482,
        -0.16036048332696012,
        2.534768978386131,
        6.014903983055468,
        12.842765424249016
    ],
    "month_9": [
        -16.81115056517414,
        2.3935482356933844,
        1.2307840647088957,
        1.8022116671793103,
        0.34557325295712127,
        3.5364690366679885,
        3.7581119089228285,
        0.6359699617559004
    ],
    "month_10": [
        652.9934207092782,
        3.1923162190657175,
        0.9181835836679068,
        0.051630732282927916,
        -0.38848253003785915,
        0.4391893855456465,
        0.5731956328184928,
        14.907105295578488
    ],
    "month_11": [
        669.6169206531835,
        1.1722301313872228,
        -0.24887674990231629,
        1.487742168303547,
        0.769735430391039,
        -1.2763414469037633,
        -2.690495495617518,
        9.521023768853823
    ],
    "month_12": [
        2087.238701852851,
        2.4354173886542396,
        -7.0318127881705195,
        1.323846717353792,
        -1.545954782828163,
        1.8124206597003574,
        7.083263658339892,
        7.819632914194803
    ],
    "intercepts": [
        -44955.16393598135,
        395.03007090745814,
        -21567.37700665085,
        -32603.85474031668,
        -31159.14060652208,
        -13606.707937996292,
        -13381.573580605393,
        -8531.090368625257,
        -1752.3717956109092,
        -4412.817109339413,
        -3044.3994369969337,
        -4536.1294954567675
    ]
}