{
    "month_1": [
        6080.72342520006,
        -0.49284094763398495,
        1.3269383725783863,
        2.6005874761385956,
        -5.448395914627953,
        5.3978704576433065,
        -0.9468730955009174,
        6.416075213930789
    ],
    "month_2": [
        1932.9518616269736,
        5.5475627599663,
        -0.037595167635698555,
        0.8904268190339185,
        0.23326351006597065,
        -0.7434122188693213,
        -2.8677406226593987,
        15.442041508591956
    ],
    "month_3": [
        5100.578850037932,
        -2.9181297797896364,
        3.2487899512740417,
        1.1211350110311666,
        -0.7756604128923392,
        -0.39879351158646115,
        2.482250342021946,
        9.417201528390475
    ],
    "month_4": [
        6333.102945824644,
        -4.246416193549476,
        -0.6862858472289911,
        3.405970281634192,
        0.7197008969591675,
        -0.7013066700116953,
        0.9950084225865816,
        14.156845511607346
    ],
    "month_5": [
        3723.8498353445148,
        -0.1753882389157759,
        0.7373230785447543,
        0.7539569201527371,
        -1.3440132351519543,
        0.3087615815160257,
        1.275865357093298,
        61.59262314722633
    ],
    "month_6": [
        987.6601435870064,
        -0.5112301833329038,
        0.148981241065199,
        0.020338281180293807,
        -0.22450444888134244,
        2.517753363923636,
        0.3824349149025922,
        153.36546587869717
    ],
    "month_7": [
        475.4982333090271,
        0.3805146385340905,
        -0.1245786338589974,
        0.5383727185884668,
        -0.31036114741250515,
        2.74741306029153,
        0.8170947256211982,
        29.436453462399953
    ],
    "month_8": [
        494.5786345416833,
        0.04419868607407408,
        0.11802849882635809,
        0.06999992500385425,
        -0.5002096704294663,
        3.519932737643111,
        5.484049474722984,
        12.121780465165294
    ],
    "month_9": [
        468.38454659812766,
        1.265279225532392,
        0.8531082048273202,
        1.5176894293347976,
        -0.4230424302883389,
        4.0904088963625265,
        3.6884902487597953,
        3.028571132547709
    ],
    "month_10": [
        125.93270249549984,
        3.0708703120615914,
        0.984727465993201,
        0.04811206761059317,
        -0.3958314503155212,
        0.33183141148009154,
        0.6835030886815383,
        14.756562887922765
    ],
    "month_11": [
        207.6145030177865,
        1.0404420068995186,
        -0.2196067655013026,
        1.4506676789488482,
        0.7295689170268628,
        -0.8806346125817391,
        -2.509980898401227,
        9.335197618821896
    ],
    "month_12": [
        -23.743209645960004,
        2.170564951144042,
        -6.974787696858497,
        1.3699107279809912,
        -1.7947658430199669,
        2.4955003300526704,
        8.427100493234747,
        7.021785199609541
    ],
    "intercepts": [
        -20127.785049904196,
        6246.65589155574,
        -14687.990765069422,
        -30601.933887580166,
        -26494.05799149008,
        -17387.10420171783,
        -13448.248915371685,
        -9040.861588726022,
        -4454.324411200806,
        -1023.910215325523,
        197.9310267526521,
        11128.4003195686
    ]
}